{
  "02_Search_Flights-1" : {
    "transaction" : "02_Search_Flights-1",
    "sampleCount" : 100,
    "errorCount" : 0,
    "errorPct" : 0.0,
    "meanResTime" : 719.6,
    "medianResTime" : 543.0,
    "minResTime" : 387.0,
    "maxResTime" : 4075.0,
    "pct1ResTime" : 1169.6000000000001,
    "pct2ResTime" : 1936.649999999999,
    "pct3ResTime" : 4064.899999999995,
    "throughput" : 1.6828500748868283,
    "receivedKBytesPerSec" : 11.906492961479561,
    "sentKBytesPerSec" : 0.2070694428083402
  },
  "02_Search_Flights-0" : {
    "transaction" : "02_Search_Flights-0",
    "sampleCount" : 100,
    "errorCount" : 0,
    "errorPct" : 0.0,
    "meanResTime" : 326.0699999999998,
    "medianResTime" : 315.0,
    "minResTime" : 294.0,
    "maxResTime" : 476.0,
    "pct1ResTime" : 363.9,
    "pct2ResTime" : 393.5999999999999,
    "pct3ResTime" : 475.86999999999995,
    "throughput" : 1.6893889480175022,
    "receivedKBytesPerSec" : 0.37945259574611867,
    "sentKBytesPerSec" : 0.3996625709543358
  },
  "01_Open_Home_Page" : {
    "transaction" : "01_Open_Home_Page",
    "sampleCount" : 100,
    "errorCount" : 0,
    "errorPct" : 0.0,
    "meanResTime" : 1544.3000000000002,
    "medianResTime" : 1395.5,
    "minResTime" : 936.0,
    "maxResTime" : 4460.0,
    "pct1ResTime" : 2330.5000000000005,
    "pct2ResTime" : 2884.5,
    "pct3ResTime" : 4454.789999999997,
    "throughput" : 1.6498655359588192,
    "receivedKBytesPerSec" : 8.017315338799888,
    "sentKBytesPerSec" : 0.3705752668657505
  },
  "04_Complete_Purchase-0" : {
    "transaction" : "04_Complete_Purchase-0",
    "sampleCount" : 100,
    "errorCount" : 0,
    "errorPct" : 0.0,
    "meanResTime" : 327.47999999999996,
    "medianResTime" : 314.0,
    "minResTime" : 293.0,
    "maxResTime" : 846.0,
    "pct1ResTime" : 360.8,
    "pct2ResTime" : 387.4499999999999,
    "pct3ResTime" : 842.2299999999981,
    "throughput" : 1.691703884152118,
    "receivedKBytesPerSec" : 0.3882328249763161,
    "sentKBytesPerSec" : 0.4613362398920693
  },
  "Complete_Flight_Booking_Flow" : {
    "transaction" : "Complete_Flight_Booking_Flow",
    "sampleCount" : 100,
    "errorCount" : 0,
    "errorPct" : 0.0,
    "meanResTime" : 4703.589999999998,
    "medianResTime" : 4519.5,
    "minResTime" : 3296.0,
    "maxResTime" : 8642.0,
    "pct1ResTime" : 6274.3,
    "pct2ResTime" : 6695.749999999999,
    "pct3ResTime" : 8630.179999999993,
    "throughput" : 1.5826791592808305,
    "receivedKBytesPerSec" : 39.27640898012155,
    "sentKBytesPerSec" : 2.1074053063275513
  },
  "04_Complete_Purchase" : {
    "transaction" : "04_Complete_Purchase",
    "sampleCount" : 100,
    "errorCount" : 0,
    "errorPct" : 0.0,
    "meanResTime" : 1048.02,
    "medianResTime" : 880.5,
    "minResTime" : 684.0,
    "maxResTime" : 3492.0,
    "pct1ResTime" : 1550.6000000000004,
    "pct2ResTime" : 1912.1,
    "pct3ResTime" : 3489.2199999999984,
    "throughput" : 1.6784155756965424,
    "receivedKBytesPerSec" : 9.859052429506546,
    "sentKBytesPerSec" : 0.6724316307905338
  },
  "04_Complete_Purchase-1" : {
    "transaction" : "04_Complete_Purchase-1",
    "sampleCount" : 100,
    "errorCount" : 0,
    "errorPct" : 0.0,
    "meanResTime" : 720.18,
    "medianResTime" : 544.5,
    "minResTime" : 389.0,
    "maxResTime" : 3148.0,
    "pct1ResTime" : 1201.0000000000002,
    "pct2ResTime" : 1579.1999999999996,
    "pct3ResTime" : 3145.5799999999986,
    "throughput" : 1.6870234158850126,
    "receivedKBytesPerSec" : 9.522456390444699,
    "sentKBytesPerSec" : 0.21582037839935217
  },
  "03_Select_Flight-0" : {
    "transaction" : "03_Select_Flight-0",
    "sampleCount" : 100,
    "errorCount" : 0,
    "errorPct" : 0.0,
    "meanResTime" : 333.16999999999985,
    "medianResTime" : 315.5,
    "minResTime" : 295.0,
    "maxResTime" : 961.0,
    "pct1ResTime" : 367.0,
    "pct2ResTime" : 406.24999999999983,
    "pct3ResTime" : 957.3099999999981,
    "throughput" : 1.6912175074836375,
    "receivedKBytesPerSec" : 0.38151488694210967,
    "sentKBytesPerSec" : 0.3765601481506537
  },
  "03_Select_Flight-1" : {
    "transaction" : "03_Select_Flight-1",
    "sampleCount" : 100,
    "errorCount" : 0,
    "errorPct" : 0.0,
    "meanResTime" : 731.5199999999996,
    "medianResTime" : 560.0,
    "minResTime" : 389.0,
    "maxResTime" : 3166.0,
    "pct1ResTime" : 1249.6000000000001,
    "pct2ResTime" : 1923.849999999994,
    "pct3ResTime" : 3158.159999999996,
    "throughput" : 1.687108801646618,
    "receivedKBytesPerSec" : 11.06341367486039,
    "sentKBytesPerSec" : 0.20924103301671923
  },
  "02_Search_Flights" : {
    "transaction" : "02_Search_Flights",
    "sampleCount" : 100,
    "errorCount" : 0,
    "errorPct" : 0.0,
    "meanResTime" : 1046.1600000000003,
    "medianResTime" : 875.0,
    "minResTime" : 707.0,
    "maxResTime" : 4486.0,
    "pct1ResTime" : 1484.2000000000003,
    "pct2ResTime" : 2268.6499999999987,
    "pct3ResTime" : 4474.779999999994,
    "throughput" : 1.673976363453748,
    "receivedKBytesPerSec" : 12.219700504703873,
    "sentKBytesPerSec" : 0.6019939412517995
  },
  "Total" : {
    "transaction" : "Total",
    "sampleCount" : 1200,
    "errorCount" : 0,
    "errorPct" : 0.0,
    "meanResTime" : 783.6608333333328,
    "medianResTime" : 665.0,
    "minResTime" : 293.0,
    "maxResTime" : 4486.0,
    "pct1ResTime" : 1431.6000000000004,
    "pct2ResTime" : 1763.95,
    "pct3ResTime" : 3165.82,
    "throughput" : 17.378459399574226,
    "receivedKBytesPerSec" : 71.87848474316085,
    "sentKBytesPerSec" : 3.8566942368684014
  },
  "01_Open_Home_Page-0" : {
    "transaction" : "01_Open_Home_Page-0",
    "sampleCount" : 100,
    "errorCount" : 0,
    "errorPct" : 0.0,
    "meanResTime" : 597.71,
    "medianResTime" : 628.0,
    "minResTime" : 341.0,
    "maxResTime" : 2801.0,
    "pct1ResTime" : 755.9000000000001,
    "pct2ResTime" : 1398.4499999999932,
    "pct3ResTime" : 2795.049999999997,
    "throughput" : 1.6791483359639992,
    "receivedKBytesPerSec" : 0.35911473200792554,
    "sentKBytesPerSec" : 0.18857622913658192
  },
  "01_Open_Home_Page-1" : {
    "transaction" : "01_Open_Home_Page-1",
    "sampleCount" : 100,
    "errorCount" : 0,
    "errorPct" : 0.0,
    "meanResTime" : 944.6099999999998,
    "medianResTime" : 795.5,
    "minResTime" : 574.0,
    "maxResTime" : 3779.0,
    "pct1ResTime" : 1691.4000000000021,
    "pct2ResTime" : 1880.5999999999997,
    "pct3ResTime" : 3767.019999999994,
    "throughput" : 1.6627591825875858,
    "receivedKBytesPerSec" : 7.724360773016744,
    "sentKBytesPerSec" : 0.18673565038825427
  },
  "03_Select_Flight" : {
    "transaction" : "03_Select_Flight",
    "sampleCount" : 100,
    "errorCount" : 0,
    "errorPct" : 0.0,
    "meanResTime" : 1065.11,
    "medianResTime" : 893.5,
    "minResTime" : 685.0,
    "maxResTime" : 3512.0,
    "pct1ResTime" : 1590.2,
    "pct2ResTime" : 2272.249999999994,
    "pct3ResTime" : 3503.819999999996,
    "throughput" : 1.6784437469578206,
    "receivedKBytesPerSec" : 11.385224869500998,
    "sentKBytesPerSec" : 0.5818823536816663
  }
}